User Input,Chatbot Response,Timestamp
hello,Hi there,2024-09-10 01:21:51
how are you ,My purpose is to assist you,2024-09-10 01:21:57
weather ,"I'm sorry, I cannot provide real-time weather information.",2024-09-10 01:22:20
How do I create a budget,"To make a budget, start by tracking your income and expenses. Then, allocate your income towards essential expenses like rent, food, and bills. Next, allocate some of your income towards savings and debt repayment. Finally, allocate the remainder of your income towards discretionary expenses like entertainment and hobbies.",2024-09-10 01:22:30
Today is a nice weather,"I'm sorry, I cannot provide real-time weather information.",2024-10-03 08:29:52
How's the weather today,"I'm sorry, I cannot provide real-time weather information.",2024-10-03 08:30:47
Hi,Hello,2024-10-03 08:30:56
hello,"I'm fine, thank you",2024-12-05 18:35:34
what is your purpose,I am a chatbot,2024-12-05 18:35:51
hello,Hey,2024-12-06 08:20:27
hello,Hello,2024-12-06 08:35:41
hello,Nothing much,2024-12-06 08:41:48
what are,I am a chatbot,2024-12-06 08:42:11
hello,Nothing much,2024-12-06 08:42:18
what do yo mean by chat,"Mindfulness is the practice of being fully present in the moment, observing thoughts and feelings without judgment.",2024-12-06 08:42:41
hello,Hey,2024-12-06 18:55:37
what are doing,I can answer questions and provide assistance,2024-12-06 18:55:48
tell me regarding programming,"I may not have personal preferences, but I can help you find movies based on your taste!",2024-12-06 18:56:08
ok suggest me some action movie,"I may not have personal preferences, but I can help you find movies based on your taste!",2024-12-06 18:56:32
ok suggest me some action movi,"As an AI, I don't watch movies, but I can suggest some popular ones like The Shawshank Redemption, Inception, or The Godfather.",2024-12-06 18:56:50
what is python,"Mindfulness is the practice of being fully present in the moment, observing thoughts and feelings without judgment.",2024-12-06 18:57:08
what is java,"Mindfulness techniques include meditation, deep breathing, body scanning, and mindful eating.",2024-12-06 18:57:19
hello,Hello,2024-12-09 18:15:34
what is your purpose,My purpose is to assist you,2024-12-09 18:15:55
